id,first_name,last_name,email,gender,ip_address
1,Marty,Brafferton,mbrafferton0@va.gov,Female,184.153.33.159
2,Danie,Farron,dfarron1@discovery.com,Male,116.237.137.49
3,Timoteo,Astill,tastill2@histats.com,Male,99.150.148.70
4,Edgardo,Launchbury,elaunchbury3@psu.edu,Male,73.177.175.55
5,Ilyse,Seekings,iseekings4@boston.com,Female,31.102.131.200
6,Ruthi,Manshaw,rmanshaw5@earthlink.net,Female,42.84.32.43
7,Finn,Soots,fsoots6@blogtalkradio.com,Male,107.159.6.133
8,Ronica,Mearns,rmearns7@hatena.ne.jp,Genderqueer,96.177.67.59
9,Bogart,Larmour,blarmour8@wiley.com,Male,61.22.175.98
10,Aubrey,Andreotti,aandreotti9@phoca.cz,Female,180.30.41.14
11,Fidelio,Howie,fhowiea@narod.ru,Male,190.208.170.42
12,Chloris,Myott,cmyottb@bigcartel.com,Female,240.74.78.120
13,Fanchette,Drei,fdreic@example.com,Female,56.155.203.214
14,Kenny,Fowley,kfowleyd@smugmug.com,Male,129.56.115.38
15,Merline,Magenny,mmagennye@cpanel.net,Female,148.101.209.112
16,Michaela,Togwell,mtogwellf@cnbc.com,Female,146.83.58.138
17,Danella,Bruggen,dbruggeng@quantcast.com,Female,202.114.100.0
18,Oralie,Bowie,obowieh@xinhuanet.com,Female,73.138.76.68
19,Kayle,Erwin,kerwini@senate.gov,Female,86.192.132.195
20,Verge,Lapwood,vlapwoodj@prweb.com,Male,165.8.120.64
21,Amabel,Scedall,ascedallk@paypal.com,Female,181.155.174.4
22,Northrop,Drugan,ndruganl@newyorker.com,Male,156.144.92.206
23,Mick,Burnage,mburnagem@blogger.com,Male,155.38.103.171
24,Kassey,Large,klargen@java.com,Female,0.237.127.102
25,Cristine,Anselm,canselmo@oracle.com,Female,111.238.111.56
26,Gilbert,Blankau,gblankaup@boston.com,Male,59.43.80.206
27,Wood,Gammie,wgammieq@oracle.com,Male,159.2.0.50
28,Free,Cariss,fcarissr@psu.edu,Male,178.98.175.234
29,Kaylyn,Casely,kcaselys@studiopress.com,Female,74.33.38.140
30,Adda,Whightman,awhightmant@pbs.org,Female,137.88.79.152
31,Erskine,McMeyler,emcmeyleru@adobe.com,Male,121.169.21.185
32,Scotty,Scrimgeour,sscrimgeourv@icio.us,Male,234.127.81.50
33,Else,Tolman,etolmanw@cpanel.net,Female,234.212.193.117
34,Shanna,Krinks,skrinksx@businessweek.com,Female,135.218.245.181
35,Hanni,Roydon,hroydony@wired.com,Female,241.95.101.57
36,Sheff,Mayworth,smayworthz@nytimes.com,Male,149.155.123.86
37,Bradford,Gaitskill,bgaitskill10@ning.com,Male,43.165.221.30
38,Hillary,Bearcroft,hbearcroft11@gmpg.org,Female,173.82.246.184
39,Rudolfo,Rape,rrape12@paginegialle.it,Male,252.204.32.134
40,Horatius,Reavey,hreavey13@chron.com,Male,51.211.111.164
41,Courtnay,Mangam,cmangam14@goodreads.com,Male,133.45.9.217
42,Thelma,Biggar,tbiggar15@msu.edu,Non-binary,16.89.107.213
43,Normy,Capeloff,ncapeloff16@tinypic.com,Male,195.120.69.142
44,Sandro,Hebner,shebner17@abc.net.au,Male,234.159.96.155
45,Misti,Stocks,mstocks18@t-online.de,Female,177.190.226.228
46,Homere,Grouse,hgrouse19@comcast.net,Male,194.86.105.113
47,Ebony,Mechic,emechic1a@globo.com,Female,63.49.85.77
48,Mariska,Chattell,mchattell1b@typepad.com,Female,174.200.146.95
49,Traver,Geraud,tgeraud1c@spotify.com,Male,42.82.7.92
50,Arnold,Matthews,amatthews1d@oakley.com,Male,92.214.231.23
51,Althea,Frise,afrise1e@businessweek.com,Agender,162.254.128.80
52,Nelson,Farrington,nfarrington1f@tinyurl.com,Male,217.157.69.102
53,Galina,Woller,gwoller1g@people.com.cn,Female,217.246.236.41
54,Augustus,Skerman,askerman1h@merriam-webster.com,Male,103.10.87.1
55,Hynda,Padginton,hpadginton1i@marriott.com,Female,84.163.138.198
56,Annadiane,Bowick,abowick1j@discuz.net,Female,114.52.198.178
57,Ervin,Onele,eonele1k@ovh.net,Male,104.236.207.12
58,Melli,Thirlwall,mthirlwall1l@ning.com,Female,63.7.178.69
59,Gayle,Crotty,gcrotty1m@state.tx.us,Female,134.204.47.154
60,Vivienne,Tenaunt,vtenaunt1n@ask.com,Female,190.162.124.184
61,Mil,McPhilip,mmcphilip1o@gov.uk,Female,33.159.231.44
62,Carlyn,McGannon,cmcgannon1p@booking.com,Female,2.196.164.45
63,Lorilyn,Emmitt,lemmitt1q@nymag.com,Female,87.1.69.34
64,Byron,Leibold,bleibold1r@booking.com,Male,31.90.138.104
65,Maible,Cressingham,mcressingham1s@rediff.com,Female,71.196.248.12
66,Silvain,Detoile,sdetoile1t@google.nl,Male,134.62.231.5
67,Traver,Clements,tclements1u@usda.gov,Male,23.80.244.146
68,Willamina,Radloff,wradloff1v@parallels.com,Female,0.160.236.95
69,Eberhard,Maystone,emaystone1w@forbes.com,Male,113.181.121.78
70,Micheal,Chieze,mchieze1x@com.com,Male,52.75.224.68
71,Noby,Colebrook,ncolebrook1y@pinterest.com,Male,177.250.214.65
72,Raviv,Ruff,rruff1z@parallels.com,Genderqueer,205.227.57.10
73,Almire,Sebastian,asebastian20@ucoz.ru,Female,252.103.48.247
74,Tallie,Castleman,tcastleman21@furl.net,Female,244.81.131.185
75,Durante,Pladen,dpladen22@1688.com,Male,85.247.189.113
76,Adora,Welfair,awelfair23@bigcartel.com,Female,224.58.196.72
77,Rickie,Boles,rboles24@zdnet.com,Male,34.116.22.225
78,Rose,Thorby,rthorby25@w3.org,Female,222.177.167.136
79,Isabel,Fairpool,ifairpool26@t.co,Female,41.175.138.119
80,Clementine,Vallender,cvallender27@netlog.com,Female,5.196.255.212
81,Mahala,MacAdam,mmacadam28@fotki.com,Female,148.194.33.244
82,Addi,Assiter,aassiter29@washington.edu,Female,159.11.249.53
83,Erika,Blowes,eblowes2a@technorati.com,Female,36.242.147.44
84,Son,Reston,sreston2b@tiny.cc,Male,152.117.187.32
85,Henka,Pentecost,hpentecost2c@cafepress.com,Female,125.141.229.49
86,Clemmy,Mariolle,cmariolle2d@gmpg.org,Female,189.57.145.166
87,Kakalina,Sewell,ksewell2e@cdbaby.com,Female,128.61.151.211
88,Ricky,Payton,rpayton2f@mtv.com,Male,194.26.166.230
89,Peta,D'Ambrosio,pdambrosio2g@fc2.com,Female,92.111.43.202
90,Laryssa,Botham,lbotham2h@wordpress.com,Female,82.108.69.187
91,Ema,Casford,ecasford2i@geocities.com,Female,181.111.230.38
92,Boy,Sussans,bsussans2j@state.gov,Male,205.125.12.221
93,Irwinn,Casseldine,icasseldine2k@microsoft.com,Male,92.76.87.67
94,Cy,Ferretti,cferretti2l@fema.gov,Male,250.63.62.152
95,Krystalle,Henryson,khenryson2m@surveymonkey.com,Female,137.136.253.107
96,Steve,Pavitt,spavitt2n@bloglovin.com,Male,7.64.112.51
97,Rena,Quartley,rquartley2o@newsvine.com,Female,120.75.37.245
98,Maitilde,Husset,mhusset2p@eventbrite.com,Female,245.88.106.46
99,Silvio,Saggs,ssaggs2q@auda.org.au,Bigender,0.195.27.17
100,Worthy,Wewell,wwewell2r@e-recht24.de,Male,86.57.44.21
101,Lorne,Garwill,lgarwill2s@buzzfeed.com,Female,17.31.185.153
102,Jana,Munnings,jmunnings2t@cmu.edu,Female,189.250.142.125
103,Karlee,Fleming,kfleming2u@berkeley.edu,Female,89.199.231.255
104,Elvin,Plomer,eplomer2v@about.me,Male,243.121.37.28
105,Cyrille,Byatt,cbyatt2w@vimeo.com,Male,212.116.128.107
106,Sadella,Rowlett,srowlett2x@discuz.net,Female,49.130.236.198
107,Rudd,Cecil,rcecil2y@hhs.gov,Male,232.117.142.16
108,Lida,Vanichev,lvanichev2z@disqus.com,Female,124.72.104.70
109,Christye,Voice,cvoice30@webs.com,Female,246.46.164.144
110,Kira,Klemenz,kklemenz31@typepad.com,Female,77.101.107.22
111,Wood,Capener,wcapener32@home.pl,Male,28.84.56.214
112,Vannie,Arghent,varghent33@delicious.com,Female,109.121.232.207
113,Moira,Beetlestone,mbeetlestone34@blogspot.com,Agender,182.214.242.61
114,Even,Rosenwasser,erosenwasser35@slate.com,Male,44.12.71.32
115,Brion,Melmar,bmelmar36@nature.com,Male,14.254.216.6
116,Marietta,Kaminski,mkaminski37@japanpost.jp,Male,160.65.27.169
117,Celine,Finlator,cfinlator38@123-reg.co.uk,Agender,129.13.155.249
118,Oliviero,Joddins,ojoddins39@hao123.com,Male,54.73.140.210
119,Annadiane,Baudinot,abaudinot3a@sciencedaily.com,Female,195.76.18.208
120,Ethyl,Rolph,erolph3b@globo.com,Female,111.148.175.249
121,Wiatt,Yankin,wyankin3c@xinhuanet.com,Male,122.214.161.157
122,Jolyn,Dalling,jdalling3d@ftc.gov,Female,32.83.163.245
123,Baldwin,Campanelli,bcampanelli3e@usda.gov,Male,76.249.145.209
124,Brady,Llop,bllop3f@arstechnica.com,Male,49.57.122.218
125,Thayne,Fairy,tfairy3g@ocn.ne.jp,Male,21.141.141.101
126,Jewell,MacCoughan,jmaccoughan3h@disqus.com,Female,8.103.105.211
127,Amby,Eldrett,aeldrett3i@discovery.com,Male,62.165.123.81
128,Dallas,Gallie,dgallie3j@shop-pro.jp,Agender,193.11.121.231
129,Rodie,Goodacre,rgoodacre3k@illinois.edu,Female,153.114.156.196
130,Trixie,Scheffler,tscheffler3l@youtube.com,Female,121.215.6.127
131,Cordey,Fawcett,cfawcett3m@hud.gov,Female,191.218.133.76
132,Von,Knappitt,vknappitt3n@epa.gov,Male,14.37.70.100
133,Osmund,Galiford,ogaliford3o@cpanel.net,Male,100.176.45.76
134,Hortense,MacRierie,hmacrierie3p@japanpost.jp,Female,106.226.245.10
135,Allix,Dilon,adilon3q@adobe.com,Female,62.49.240.189
136,Gaspard,Billinge,gbillinge3r@hatena.ne.jp,Male,12.128.213.219
137,Galvin,Houndsom,ghoundsom3s@discovery.com,Male,159.92.177.175
138,Logan,Georgot,lgeorgot3t@state.gov,Male,28.99.80.137
139,Donica,Greville,dgreville3u@dell.com,Female,165.139.165.152
140,Harper,Anespie,hanespie3v@cnn.com,Genderfluid,245.160.30.100
141,Enid,London,elondon3w@imdb.com,Female,253.93.83.152
142,Rudy,Barczynski,rbarczynski3x@bigcartel.com,Male,188.133.118.147
143,Merilee,Petruk,mpetruk3y@cnn.com,Female,185.13.12.82
144,Karleen,Palin,kpalin3z@whitehouse.gov,Female,248.215.3.159
145,Brewer,Upton,bupton40@fastcompany.com,Male,125.163.80.192
146,Wally,Dodswell,wdodswell41@google.ca,Female,163.246.63.163
147,Charline,Cutchee,ccutchee42@timesonline.co.uk,Genderqueer,93.1.164.52
148,Victoir,Billyeald,vbillyeald43@parallels.com,Male,50.129.3.100
149,Melany,Perulli,mperulli44@ihg.com,Female,11.34.169.155
150,Aron,Meriel,ameriel45@1688.com,Male,98.108.152.41
151,Jorge,Nickoles,jnickoles46@marriott.com,Male,224.231.208.84
152,Frannie,Attyeo,fattyeo47@flickr.com,Male,54.248.73.43
153,Ofelia,McCaffery,omccaffery48@usatoday.com,Female,81.220.63.32
154,Eleanore,Simon,esimon49@domainmarket.com,Female,184.174.65.185
155,Leyla,Ossulton,lossulton4a@google.com,Female,146.51.203.57
156,Amery,Treagus,atreagus4b@epa.gov,Male,73.39.98.156
157,Jennie,Ruste,jruste4c@bravesites.com,Non-binary,162.237.113.214
158,Moses,McErlaine,mmcerlaine4d@multiply.com,Bigender,182.59.144.152
159,Hatti,Rooney,hrooney4e@stumbleupon.com,Female,82.167.124.87
160,Tootsie,Kentish,tkentish4f@geocities.com,Female,251.178.250.214
161,Amara,Babar,ababar4g@springer.com,Female,125.177.210.116
162,Findley,Aulton,faulton4h@surveymonkey.com,Male,119.222.59.129
163,Mallory,Fone,mfone4i@jiathis.com,Female,252.60.12.227
164,Dall,Mardy,dmardy4j@odnoklassniki.ru,Male,241.144.142.95
165,Umeko,De Anesy,udeanesy4k@omniture.com,Female,211.151.193.232
166,Meaghan,Gilstin,mgilstin4l@amazon.de,Non-binary,124.146.68.236
167,Courtnay,Dolan,cdolan4m@posterous.com,Agender,97.218.51.101
168,Farlay,Sexstone,fsexstone4n@toplist.cz,Male,80.43.175.141
169,Putnem,Surpliss,psurpliss4o@dailymail.co.uk,Agender,85.3.223.127
170,Guss,McAulay,gmcaulay4p@webeden.co.uk,Male,251.75.87.22
171,Ruthann,Humburton,rhumburton4q@infoseek.co.jp,Female,37.219.127.33
172,Fan,Butteris,fbutteris4r@netscape.com,Female,138.105.219.91
173,Ruby,Gerardet,rgerardet4s@npr.org,Male,213.40.24.18
174,Aleda,Carreck,acarreck4t@wsj.com,Female,161.171.139.246
175,Henri,Ashleigh,hashleigh4u@list-manage.com,Male,46.92.141.254
176,Annemarie,Loughney,aloughney4v@ucoz.com,Female,25.11.79.41
177,Allegra,Chafer,achafer4w@ed.gov,Female,241.56.119.228
178,Eleen,Chainey,echainey4x@shop-pro.jp,Female,49.125.55.8
179,Lenee,McKirdy,lmckirdy4y@ning.com,Female,46.40.196.87
180,Thornton,Haswall,thaswall4z@xrea.com,Male,171.80.79.85
181,Emmet,Redmell,eredmell50@miibeian.gov.cn,Male,229.168.160.238
182,Melania,Bunson,mbunson51@indiegogo.com,Female,133.170.4.74
183,Zollie,Moorhead,zmoorhead52@chronoengine.com,Male,191.49.97.127
184,Helena,Bartoloma,hbartoloma53@aboutads.info,Agender,98.52.106.206
185,Abbye,Lusted,alusted54@reuters.com,Female,217.92.243.175
186,Roz,Matussov,rmatussov55@unesco.org,Female,74.253.214.88
187,Milton,Bines,mbines56@hp.com,Male,169.62.52.153
188,Tremayne,Alessandrucci,talessandrucci57@fda.gov,Male,85.6.56.231
189,Lynnea,Wilkisson,lwilkisson58@cbslocal.com,Female,4.28.156.93
190,Lainey,Van Geffen,lvangeffen59@ocn.ne.jp,Female,230.192.153.25
191,Camala,Joul,cjoul5a@digg.com,Female,81.40.75.5
192,Patrick,Stears,pstears5b@foxnews.com,Male,78.183.76.29
193,Norri,Trowle,ntrowle5c@biblegateway.com,Female,135.27.176.78
194,Adriana,Milch,amilch5d@ca.gov,Genderqueer,246.16.214.82
195,Garey,Fawthrop,gfawthrop5e@washington.edu,Male,80.37.35.220
196,Wilmer,Plitz,wplitz5f@marketwatch.com,Male,158.57.204.185
197,Glyn,Stempe,gstempe5g@utexas.edu,Female,254.88.23.0
198,Wilfred,Baggalley,wbaggalley5h@xrea.com,Male,204.111.205.195
199,Kelley,Dressell,kdressell5i@nbcnews.com,Male,134.163.239.124
200,Nannette,Pigny,npigny5j@tinypic.com,Female,232.38.120.97
201,Bradney,Cappineer,bcappineer5k@fda.gov,Male,250.180.203.40
202,Orrin,Balcock,obalcock5l@moonfruit.com,Male,0.60.79.48
203,Krispin,Micklewicz,kmicklewicz5m@dedecms.com,Male,227.55.124.233
204,Kary,Kimberly,kkimberly5n@gmpg.org,Female,127.20.47.189
205,Bobbie,Klimmek,bklimmek5o@aol.com,Female,101.69.4.90
206,Rossie,Peak,rpeak5p@wordpress.com,Bigender,175.150.85.98
207,Leonid,Balasini,lbalasini5q@elpais.com,Male,222.12.180.47
208,Carl,Renackowna,crenackowna5r@hatena.ne.jp,Male,244.192.64.222
209,Whit,Dyzart,wdyzart5s@surveymonkey.com,Male,16.204.21.118
210,Enrique,Clemence,eclemence5t@tamu.edu,Polygender,116.246.181.248
211,Gottfried,Arthan,garthan5u@tripadvisor.com,Male,57.229.71.72
212,Gerardo,Minchi,gminchi5v@g.co,Male,114.206.186.223
213,Emanuele,Tripney,etripney5w@columbia.edu,Male,98.144.148.175
214,Ryon,Gehring,rgehring5x@fotki.com,Male,113.50.81.45
215,Darcie,Sodor,dsodor5y@indiatimes.com,Female,61.212.71.181
216,Lonnard,Margram,lmargram5z@clickbank.net,Male,213.201.19.190
217,Rickey,Worboys,rworboys60@ucsd.edu,Male,60.129.178.44
218,Marleen,Lumox,mlumox61@shutterfly.com,Female,99.136.174.7
219,Wilt,Pugh,wpugh62@tamu.edu,Male,180.48.162.79
220,Rosana,Challinor,rchallinor63@nydailynews.com,Non-binary,255.75.18.70
221,Brandyn,Fishlock,bfishlock64@biblegateway.com,Male,227.29.246.188
222,Theodoric,Tardiff,ttardiff65@stanford.edu,Male,102.14.62.97
223,Westleigh,Eldritt,weldritt66@biglobe.ne.jp,Male,140.6.7.158
224,Amargo,Deveral,adeveral67@posterous.com,Female,146.27.208.132
225,Claiborne,Ivain,civain68@icq.com,Male,213.228.101.6
226,Jeffie,Algar,jalgar69@usnews.com,Male,56.255.176.225
227,Dennie,Belsham,dbelsham6a@amazon.co.jp,Female,8.86.250.20
228,Lanie,Alleyn,lalleyn6b@timesonline.co.uk,Female,59.2.131.187
229,Nita,Tett,ntett6c@mapy.cz,Female,154.146.114.160
230,Janela,Rushmere,jrushmere6d@ifeng.com,Female,85.224.9.254
231,Jess,Jaan,jjaan6e@oracle.com,Male,98.216.32.128
232,Nicola,Berresford,nberresford6f@jalbum.net,Male,53.108.242.176
233,Mavis,Killby,mkillby6g@pen.io,Female,64.230.124.219
234,Remy,Basten,rbasten6h@mac.com,Female,83.130.176.40
235,Darcy,Copins,dcopins6i@apple.com,Non-binary,201.207.163.215
236,Anya,Dawdry,adawdry6j@ask.com,Female,247.240.221.207
237,Benita,Fenney,bfenney6k@ning.com,Genderqueer,223.236.63.7
238,Carney,Bloodworthe,cbloodworthe6l@g.co,Male,225.231.74.151
239,Bonni,Winser,bwinser6m@hao123.com,Female,13.127.226.234
240,Paulita,Brydie,pbrydie6n@cdbaby.com,Female,1.146.139.30
241,Star,Kipling,skipling6o@pinterest.com,Female,52.83.204.171
242,Krispin,Theze,ktheze6p@google.es,Male,77.17.179.0
243,Noland,Ebbins,nebbins6q@hostgator.com,Male,44.156.141.196
244,Arluene,Avramov,aavramov6r@edublogs.org,Female,223.226.43.148
245,Merrie,Vedeniktov,mvedeniktov6s@canalblog.com,Female,134.108.31.148
246,Alberto,Gromley,agromley6t@whitehouse.gov,Male,127.130.13.96
247,Jamie,Denisyev,jdenisyev6u@cornell.edu,Female,111.213.77.178
248,Bill,Moreman,bmoreman6v@toplist.cz,Female,72.31.188.98
249,Johanna,Romaines,jromaines6w@gnu.org,Female,31.18.107.116
250,Joelie,Emlyn,jemlyn6x@time.com,Female,84.206.229.98
251,Sadella,Yegoshin,syegoshin6y@free.fr,Female,26.161.17.100
252,Celinka,Challicum,cchallicum6z@apple.com,Female,103.87.19.193
253,Galen,Halton,ghalton70@nbcnews.com,Male,146.64.6.84
254,Allan,Martt,amartt71@blogs.com,Polygender,17.118.115.193
255,Rosa,Goaks,rgoaks72@go.com,Female,145.31.78.107
256,Sloan,Danson,sdanson73@google.pl,Male,33.77.220.58
257,Hort,Doumerc,hdoumerc74@hugedomains.com,Male,11.254.193.86
258,Erl,Wannan,ewannan75@1und1.de,Male,25.225.151.204
259,Oralie,Marfield,omarfield76@icio.us,Female,109.162.110.108
260,Delaney,Sebastian,dsebastian77@about.com,Male,232.213.214.201
261,Minerva,Refford,mrefford78@theguardian.com,Female,44.72.51.30
262,Carr,Oppie,coppie79@marketwatch.com,Male,89.189.89.246
263,Valle,Marval,vmarval7a@sfgate.com,Male,114.167.191.202
264,Kyle,De Clairmont,kdeclairmont7b@goo.ne.jp,Female,79.84.132.89
265,Eugenio,Robotham,erobotham7c@wordpress.org,Male,149.60.120.88
266,Morlee,Rushford,mrushford7d@independent.co.uk,Non-binary,60.10.82.200
267,Aviva,Chisnell,achisnell7e@a8.net,Female,25.138.217.59
268,Jo ann,McGeaney,jmcgeaney7f@mapquest.com,Female,113.20.9.67
269,Jackie,Akhurst,jakhurst7g@google.ru,Female,183.0.135.109
270,Ardeen,Shaw,ashaw7h@stumbleupon.com,Female,65.240.15.154
271,Neddy,O'Nions,nonions7i@oracle.com,Male,119.182.160.157
272,Polly,Duffyn,pduffyn7j@barnesandnoble.com,Female,145.254.58.38
273,Randal,Hellwich,rhellwich7k@hhs.gov,Male,52.198.178.168
274,Lynsey,Gonnely,lgonnely7l@rakuten.co.jp,Agender,61.177.252.166
275,Lenora,Dacombe,ldacombe7m@naver.com,Female,168.57.58.134
276,Deonne,Bamell,dbamell7n@comsenz.com,Female,108.117.22.189
277,Karlotta,Eggerton,keggerton7o@tmall.com,Agender,166.51.79.72
278,Madonna,Btham,mbtham7p@epa.gov,Female,121.120.66.86
279,Odelle,Huddart,ohuddart7q@ycombinator.com,Female,9.125.34.153
280,Weston,Bandy,wbandy7r@4shared.com,Male,8.230.193.179
281,Michell,Chasier,mchasier7s@virginia.edu,Female,235.70.39.44
282,Sunny,Kubat,skubat7t@hostgator.com,Male,112.69.13.112
283,Sherman,Searchfield,ssearchfield7u@github.com,Male,187.241.12.216
284,Iosep,O'Doohaine,iodoohaine7v@accuweather.com,Male,247.137.223.203
285,Gerek,Silverthorne,gsilverthorne7w@illinois.edu,Male,122.32.185.219
286,Stewart,Bewshire,sbewshire7x@yolasite.com,Male,197.27.248.65
287,Dalston,Wintour,dwintour7y@soundcloud.com,Male,153.30.62.19
288,Bryn,Camacke,bcamacke7z@webnode.com,Male,81.34.156.56
289,Berny,Sannes,bsannes80@umn.edu,Female,153.4.252.109
290,Ferrel,McGing,fmcging81@theatlantic.com,Male,102.120.156.209
291,Carleen,Berrick,cberrick82@virginia.edu,Female,49.178.223.93
292,Kissiah,Goroni,kgoroni83@latimes.com,Female,117.71.90.138
293,Carleen,Aylward,caylward84@angelfire.com,Female,235.160.43.183
294,Drusie,Alvarado,dalvarado85@de.vu,Female,184.56.5.83
295,Hobart,Pernell,hpernell86@amazon.de,Male,164.195.49.158
296,Fern,Stango,fstango87@netscape.com,Female,241.87.192.193
297,Shalom,Eakley,seakley88@google.cn,Male,30.87.92.125
298,Eveline,Kermott,ekermott89@nationalgeographic.com,Female,148.129.55.254
299,Thekla,Leeder,tleeder8a@google.pl,Female,180.169.7.59
300,Caroline,Frenzl,cfrenzl8b@yellowpages.com,Female,224.239.233.134
301,Flory,Maddison,fmaddison8c@cnn.com,Male,189.167.241.166
302,Peadar,Bampfield,pbampfield8d@wordpress.org,Male,227.218.171.236
303,Jarrod,Shepherdson,jshepherdson8e@wisc.edu,Male,34.210.93.120
304,Ariel,Coviello,acoviello8f@webeden.co.uk,Genderqueer,207.6.189.89
305,Ezekiel,Czaja,eczaja8g@unicef.org,Male,109.109.81.31
306,Sauncho,Freeburn,sfreeburn8h@plala.or.jp,Male,185.149.134.92
307,Donny,Beavers,dbeavers8i@ow.ly,Female,47.231.100.143
308,Mellisa,Medland,mmedland8j@gnu.org,Genderqueer,3.90.238.186
309,Leilah,McKeachie,lmckeachie8k@discuz.net,Female,92.149.230.91
310,Dael,Jest,djest8l@utexas.edu,Non-binary,148.255.61.106
311,Issy,Bickerdyke,ibickerdyke8m@sphinn.com,Female,85.205.202.123
312,Eran,Waterfield,ewaterfield8n@vistaprint.com,Genderqueer,205.86.91.160
313,Nikoletta,Chinnock,nchinnock8o@opensource.org,Female,188.118.205.253
314,Em,Treace,etreace8p@dailymail.co.uk,Genderfluid,140.118.243.66
315,Cobb,Kupisz,ckupisz8q@t.co,Male,200.17.13.133
316,Flinn,Puzey,fpuzey8r@admin.ch,Male,188.209.176.82
317,Arte,Cambden,acambden8s@cnn.com,Male,59.132.35.168
318,Danya,Lancastle,dlancastle8t@businesswire.com,Male,57.141.104.93
319,Markos,Ciccottini,mciccottini8u@51.la,Male,30.109.63.74
320,Tadd,Hacking,thacking8v@mapy.cz,Male,88.171.67.246
321,Loydie,Kertess,lkertess8w@example.com,Male,249.133.167.221
322,Gerty,Dillow,gdillow8x@wikipedia.org,Female,133.229.4.102
323,Clotilda,Bang,cbang8y@artisteer.com,Female,4.69.131.112
324,Humbert,Gibbon,hgibbon8z@ustream.tv,Bigender,184.87.170.208
325,Therese,Fulton,tfulton90@studiopress.com,Female,206.105.79.147
326,Alejandro,Rymour,arymour91@netvibes.com,Male,73.153.218.182
327,Vincenty,Abdee,vabdee92@techcrunch.com,Male,230.119.51.97
328,Missy,Jeffress,mjeffress93@parallels.com,Female,93.153.129.113
329,Kyle,Trodd,ktrodd94@yelp.com,Non-binary,7.242.222.217
330,Robin,Sextone,rsextone95@spiegel.de,Male,249.214.216.29
331,Kalina,Joll,kjoll96@state.gov,Female,46.140.133.209
332,Kyle,Grimsdale,kgrimsdale97@unblog.fr,Female,125.77.141.116
333,Nell,Pancoast,npancoast98@patch.com,Female,108.162.126.37
334,Michele,Pummell,mpummell99@stanford.edu,Female,13.176.213.62
335,Ruby,Glyne,rglyne9a@weather.com,Male,209.23.139.49
336,Fax,Pitchers,fpitchers9b@ocn.ne.jp,Male,199.154.114.251
337,Aland,Lidyard,alidyard9c@discuz.net,Male,111.246.1.87
338,Worden,Cannaway,wcannaway9d@umich.edu,Male,7.232.85.85
339,Marena,Shiliton,mshiliton9e@hostgator.com,Female,146.171.19.74
340,Alexandrina,Syson,asyson9f@opensource.org,Female,229.135.187.84
341,Junie,Larvor,jlarvor9g@blogtalkradio.com,Female,14.68.57.32
342,Edan,Spelling,espelling9h@mit.edu,Male,81.219.235.88
343,Georgiana,Pettecrew,gpettecrew9i@geocities.jp,Non-binary,17.194.91.190
344,Garrot,Valek,gvalek9j@unc.edu,Male,15.35.192.228
345,May,Tomasi,mtomasi9k@issuu.com,Female,153.111.135.119
346,Dominga,Karlsson,dkarlsson9l@prnewswire.com,Female,71.226.12.112
347,Any,Rengger,arengger9m@dmoz.org,Male,205.12.252.119
348,Glenna,Culter,gculter9n@cnn.com,Female,114.158.22.180
349,Stephanie,Oene,soene9o@japanpost.jp,Agender,92.246.3.3
350,Eolanda,Westnage,ewestnage9p@feedburner.com,Female,204.235.39.52
351,Mitzi,Craigmyle,mcraigmyle9q@webs.com,Female,174.62.110.232
352,Karia,Lehmann,klehmann9r@bluehost.com,Agender,38.149.2.37
353,Vonnie,MacGorley,vmacgorley9s@fastcompany.com,Female,151.139.94.165
354,Linnell,Oppery,loppery9t@netscape.com,Genderfluid,11.75.37.45
355,Bradford,Golley,bgolley9u@zimbio.com,Male,193.134.93.225
356,Gabriela,Lechelle,glechelle9v@walmart.com,Female,198.23.62.9
357,Cherise,Stack,cstack9w@independent.co.uk,Female,123.68.244.190
358,Karine,Stetlye,kstetlye9x@instagram.com,Female,139.219.23.125
359,Mufi,Hamor,mhamor9y@soundcloud.com,Female,91.25.33.98
360,Tobit,Fishbie,tfishbie9z@mtv.com,Male,167.168.98.47
361,Mel,Stansell,mstansella0@miitbeian.gov.cn,Female,121.3.78.212
362,Cheryl,Mc Kellen,cmckellena1@seattletimes.com,Female,158.197.208.156
363,Michel,Byforth,mbyfortha2@mashable.com,Male,231.124.188.221
364,Weylin,Keep,wkeepa3@nsw.gov.au,Male,134.100.188.138
365,Ariel,Lovemore,alovemorea4@huffingtonpost.com,Male,61.42.38.50
366,Ginnie,Clew,gclewa5@princeton.edu,Female,90.3.116.26
367,Avrom,Kermon,akermona6@vinaora.com,Male,226.179.182.64
368,Englebert,Buxcey,ebuxceya7@scribd.com,Male,182.95.181.109
369,Eddie,Geal,egeala8@godaddy.com,Male,28.45.107.68
370,Murvyn,Lindsell,mlindsella9@bloomberg.com,Agender,88.84.192.240
371,Kennith,Quiddinton,kquiddintonaa@desdev.cn,Male,167.101.23.16
372,Marika,Napoleone,mnapoleoneab@mtv.com,Polygender,79.163.32.22
373,Dew,Houson,dhousonac@reddit.com,Male,47.216.113.241
374,Bernhard,Duley,bduleyad@list-manage.com,Non-binary,251.170.162.60
375,Ferdinanda,Mertel,fmertelae@springer.com,Female,14.130.207.33
376,Selestina,Milby,smilbyaf@home.pl,Female,166.121.130.32
377,Austin,Beardsall,abeardsallag@economist.com,Male,78.7.145.82
378,Bryna,Heersma,bheersmaah@reverbnation.com,Female,128.28.50.158
379,Mike,Pardew,mpardewai@tuttocitta.it,Polygender,32.189.132.202
380,Gustaf,Licari,glicariaj@walmart.com,Agender,229.10.154.207
381,Ronica,Dahlback,rdahlbackak@discovery.com,Female,136.112.148.108
382,Hoyt,Rafferty,hraffertyal@dion.ne.jp,Male,119.204.162.253
383,Bordie,Biscomb,bbiscombam@github.com,Male,202.144.123.130
384,Tybalt,Dolohunty,tdolohuntyan@instagram.com,Male,53.44.90.232
385,Porty,Growcott,pgrowcottao@unblog.fr,Male,151.170.109.44
386,Mindy,Tremble,mtrembleap@wix.com,Female,104.76.232.240
387,Jarred,Blinckhorne,jblinckhorneaq@nyu.edu,Male,72.109.86.185
388,Alexi,Huikerby,ahuikerbyar@networkadvertising.org,Female,37.176.28.132
389,Johnathon,Hauck,jhauckas@dmoz.org,Male,88.118.227.162
390,Sutherland,Schops,sschopsat@kickstarter.com,Bigender,166.254.112.44
391,Vanya,Hardiker,vhardikerau@cisco.com,Male,243.198.77.131
392,Maude,Knivett,mknivettav@163.com,Female,76.245.22.91
393,Sylvia,Haquin,shaquinaw@dagondesign.com,Genderfluid,217.27.8.74
394,Beniamino,Tullis,btullisax@princeton.edu,Male,63.164.137.181
395,Vincent,Verrills,vverrillsay@amazon.com,Male,102.131.73.55
396,Roberta,Gallaccio,rgallaccioaz@gnu.org,Female,196.87.139.80
397,Dorey,Sandifer,dsandiferb0@imgur.com,Agender,103.68.8.243
398,Hiram,Snuggs,hsnuggsb1@slashdot.org,Male,109.96.71.60
399,Carline,McCudden,cmccuddenb2@i2i.jp,Female,164.54.69.243
400,Bennie,Batte,bbatteb3@liveinternet.ru,Female,170.25.144.245
401,Reyna,Chinnick,rchinnickb4@chron.com,Genderqueer,78.186.237.140
402,Goraud,Tiernan,gtiernanb5@cbslocal.com,Male,127.104.245.242
403,Cindi,Giorgeschi,cgiorgeschib6@devhub.com,Female,55.30.89.167
404,Orbadiah,Ber,oberb7@tamu.edu,Male,159.32.225.66
405,Dorene,Scarsbrooke,dscarsbrookeb8@yelp.com,Bigender,235.127.34.149
406,Raimund,Bew,rbewb9@google.fr,Male,208.144.11.160
407,Rodrigo,Clew,rclewba@godaddy.com,Male,148.227.0.104
408,Albertina,Howcroft,ahowcroftbb@bbc.co.uk,Genderqueer,35.244.169.57
409,Fredrick,Teall,fteallbc@samsung.com,Male,81.107.52.234
410,Lilith,Goodlatt,lgoodlattbd@typepad.com,Female,70.47.228.135
411,Tanya,Fadian,tfadianbe@ning.com,Female,255.174.149.135
412,Anthea,Braunfeld,abraunfeldbf@chron.com,Female,56.202.148.107
413,Walliw,Chislett,wchislettbg@globo.com,Female,100.2.104.140
414,Cherry,Lailey,claileybh@bandcamp.com,Female,122.37.34.35
415,Devora,Janouch,djanouchbi@squarespace.com,Female,1.62.121.188
416,Gustav,Jeske,gjeskebj@google.it,Male,156.164.150.85
417,Nessa,Sloane,nsloanebk@yellowbook.com,Female,72.100.224.202
418,Bond,Levet,blevetbl@163.com,Male,243.172.183.84
419,Falito,Dixcey,fdixceybm@free.fr,Male,250.181.155.222
420,Hector,Duny,hdunybn@goo.ne.jp,Male,115.200.91.70
421,Kirk,Ferneyhough,kferneyhoughbo@163.com,Male,179.188.141.91
422,Dasie,Jacobovitch,djacobovitchbp@redcross.org,Female,164.154.32.254
423,Zacharias,Lumley,zlumleybq@ebay.com,Male,255.184.21.248
424,Michail,Daily,mdailybr@yolasite.com,Male,216.95.103.43
425,Barri,Setterfield,bsetterfieldbs@facebook.com,Male,21.21.93.160
426,Cherilyn,Loweth,clowethbt@prweb.com,Genderqueer,26.210.208.142
427,Alanna,Rubury,aruburybu@mysql.com,Female,160.33.96.226
428,Susanna,Bickers,sbickersbv@businesswire.com,Female,80.28.189.48
429,Ashly,Nicholson,anicholsonbw@dell.com,Female,18.180.227.68
430,Elaina,Spilstead,espilsteadbx@utexas.edu,Female,124.177.201.37
431,Gretel,Cordero,gcorderoby@delicious.com,Female,47.20.248.109
432,Bette-ann,Hendrikse,bhendriksebz@biblegateway.com,Female,21.117.15.175
433,Joane,Lyenyng,jlyenyngc0@mozilla.org,Female,19.12.77.249
434,Andrei,Grotty,agrottyc1@nationalgeographic.com,Female,107.95.96.44
435,Cathrine,Annis,cannisc2@yale.edu,Female,134.190.164.80
436,Wendie,Bodicum,wbodicumc3@globo.com,Female,47.18.135.26
437,Harriot,Haffard,hhaffardc4@usda.gov,Female,92.65.99.151
438,Gianni,Jorioz,gjoriozc5@berkeley.edu,Male,42.151.32.187
439,Myrilla,Snoxall,msnoxallc6@wiley.com,Female,162.40.185.120
440,Veradis,Toulch,vtoulchc7@wufoo.com,Genderqueer,255.248.78.129
441,Temp,Sharplin,tsharplinc8@gravatar.com,Male,130.178.111.112
442,Edee,Battye,ebattyec9@cargocollective.com,Female,4.242.17.11
443,Gabie,Gregoletti,ggregolettica@thetimes.co.uk,Male,89.237.116.95
444,Bartram,Skelhorne,bskelhornecb@webmd.com,Male,226.5.181.65
445,Donni,Dach,ddachcc@xrea.com,Female,27.38.17.161
446,Mitchell,Pavlata,mpavlatacd@salon.com,Polygender,97.82.121.249
447,Dru,Tripett,dtripettce@google.com.hk,Male,148.82.24.49
448,Simonne,Creavan,screavancf@histats.com,Female,118.147.165.43
449,Ash,Nelthrop,anelthropcg@opera.com,Male,244.116.206.158
450,Verge,Sunshine,vsunshinech@taobao.com,Male,190.97.146.146
451,Hillary,Burchmore,hburchmoreci@macromedia.com,Female,237.194.15.245
452,Harley,Klulicek,hklulicekcj@webeden.co.uk,Female,250.103.86.178
453,Chester,Gethen,cgethenck@qq.com,Male,183.152.97.15
454,Kerby,Oxbrow,koxbrowcl@xinhuanet.com,Male,192.120.12.29
455,Venita,Darnbrook,vdarnbrookcm@dion.ne.jp,Female,24.151.53.45
456,Renell,Toffoletto,rtoffolettocn@marketwatch.com,Female,30.27.191.242
457,Benedetta,Christaeas,bchristaeasco@skyrock.com,Female,236.219.93.25
458,Aile,Belasco,abelascocp@uiuc.edu,Female,112.170.244.41
459,Dominga,Lynes,dlynescq@wisc.edu,Bigender,80.109.224.67
460,Randie,Spadotto,rspadottocr@meetup.com,Male,71.204.43.99
461,Toby,Toner,ttonercs@ycombinator.com,Female,196.151.181.174
462,Marni,Giovanitti,mgiovanittict@foxnews.com,Female,140.82.105.238
463,Arch,Overill,aoverillcu@vkontakte.ru,Male,242.243.32.143
464,Hilliard,Carlens,hcarlenscv@forbes.com,Male,192.53.105.238
465,Emelda,Delia,edeliacw@redcross.org,Female,11.53.239.163
466,Peadar,Doree,pdoreecx@netlog.com,Male,202.123.192.44
467,Tadeo,Snalham,tsnalhamcy@fema.gov,Male,61.234.37.78
468,Marian,Dybell,mdybellcz@nydailynews.com,Female,244.192.206.142
469,Howey,Cristofaro,hcristofarod0@umich.edu,Male,176.205.224.238
470,Danella,Karet,dkaretd1@rediff.com,Female,98.191.212.15
471,Bambi,Lujan,blujand2@jugem.jp,Female,171.116.31.165
472,Vasily,Greschik,vgreschikd3@naver.com,Male,253.68.213.112
473,Alleen,Firminger,afirmingerd4@aboutads.info,Female,124.229.86.166
474,Fidel,Mougenel,fmougeneld5@ucsd.edu,Male,110.74.53.8
475,Ernie,Ranvoise,eranvoised6@cargocollective.com,Male,142.116.76.11
476,Erina,Mattaus,emattausd7@columbia.edu,Female,163.103.101.236
477,Valentino,Busek,vbusekd8@mayoclinic.com,Male,169.148.158.234
478,Brandea,Rushman,brushmand9@drupal.org,Female,231.217.179.130
479,Paddie,Knoller,pknollerda@businesswire.com,Male,10.203.170.56
480,Zorana,Kohrt,zkohrtdb@usgs.gov,Female,137.22.173.78
481,Florie,Borrell,fborrelldc@cnn.com,Polygender,46.233.150.72
482,Gretna,Dovidaitis,gdovidaitisdd@devhub.com,Female,141.11.211.21
483,Murial,Farfalameev,mfarfalameevde@ebay.co.uk,Female,191.4.81.39
484,Merrie,Pigrome,mpigromedf@seesaa.net,Female,233.108.102.85
485,Davy,Kynnd,dkynnddg@hugedomains.com,Male,178.107.29.146
486,Rab,Scouse,rscousedh@ucoz.com,Male,56.165.218.177
487,Nollie,Ruskin,nruskindi@boston.com,Genderqueer,123.200.101.185
488,Leopold,Mathouse,lmathousedj@hp.com,Male,78.77.208.220
489,Sanford,Gogay,sgogaydk@flavors.me,Male,230.91.161.239
490,Mathilda,Wrintmore,mwrintmoredl@is.gd,Agender,95.44.14.148
491,Becki,Brinkley,bbrinkleydm@issuu.com,Female,248.103.67.214
492,Fidelia,Carillo,fcarillodn@alexa.com,Agender,241.87.128.26
493,Minna,Chappelow,mchappelowdo@livejournal.com,Bigender,144.247.206.210
494,Gunther,Ilyin,gilyindp@com.com,Male,190.25.17.179
495,Natasha,Rosenwald,nrosenwalddq@redcross.org,Female,22.164.39.51
496,Kimberli,Cearley,kcearleydr@nytimes.com,Female,40.35.46.80
497,Whit,Gregoire,wgregoireds@ameblo.jp,Male,142.226.211.163
498,Fredi,Del Castello,fdelcastellodt@facebook.com,Non-binary,234.177.198.147
499,Frank,Bastock,fbastockdu@apache.org,Male,146.252.23.58
500,Zorana,Royse,zroysedv@npr.org,Female,27.13.107.21
501,Waly,Applewhaite,wapplewhaitedw@microsoft.com,Female,200.184.40.82
502,Benedicta,Sunnex,bsunnexdx@drupal.org,Female,16.42.141.111
503,Chalmers,McLae,cmclaedy@alexa.com,Male,26.124.158.191
504,Sidney,Lauderdale,slauderdaledz@sogou.com,Polygender,38.49.118.122
505,Dosi,Maundrell,dmaundrelle0@about.me,Female,44.172.244.124
506,Reidar,Crawshay,rcrawshaye1@geocities.com,Male,157.201.232.147
507,Weider,Molan,wmolane2@dell.com,Male,136.94.182.154
508,Pammie,Allett,pallette3@upenn.edu,Female,82.116.248.138
509,Eleonora,Makinson,emakinsone4@about.com,Female,185.38.24.235
510,Peyton,Peniman,ppenimane5@wordpress.com,Male,154.130.160.222
511,Der,Francesco,dfrancescoe6@cnbc.com,Male,51.156.202.5
512,Mignon,Bredee,mbredeee7@nymag.com,Genderqueer,139.113.251.148
513,Bertine,Errol,berrole8@webnode.com,Female,237.96.190.176
514,Aeriell,Sarney,asarneye9@tumblr.com,Female,38.120.137.1
515,Doroteya,Cullinane,dcullinaneea@skype.com,Female,37.1.106.169
516,Dene,Van Leeuwen,dvanleeuweneb@fema.gov,Bigender,244.107.3.19
517,Gusta,Legh,gleghec@g.co,Female,91.95.167.157
518,Emmalyn,Heighway,eheighwayed@google.com.hk,Polygender,49.101.23.154
519,Pascale,Tibols,ptibolsee@ovh.net,Male,246.245.54.181
520,Forbes,Ruos,fruosef@51.la,Male,44.71.198.147
521,Lynnette,Oldershaw,loldershaweg@mozilla.com,Female,52.227.115.80
522,Kale,Keatch,kkeatcheh@mayoclinic.com,Male,95.139.54.90
523,Sawyere,Scolding,sscoldingei@home.pl,Male,71.196.229.65
524,Hamilton,Castelijn,hcastelijnej@gnu.org,Male,228.53.62.28
525,Caty,Sadry,csadryek@blogger.com,Female,123.8.134.44
526,Vally,Fowells,vfowellsel@yahoo.com,Female,126.18.96.144
527,Cchaddie,Korba,ckorbaem@friendfeed.com,Polygender,53.104.23.5
528,Klarrisa,Vivers,kviversen@51.la,Female,144.94.87.178
529,Zollie,Winny,zwinnyeo@goo.ne.jp,Male,28.108.51.135
530,Isiahi,Neary,inearyep@reverbnation.com,Male,156.117.92.182
531,Dore,Gurnee,dgurneeeq@lycos.com,Female,114.63.29.209
532,Shellysheldon,Brookshaw,sbrookshawer@jiathis.com,Bigender,109.38.198.5
533,Mill,Corradeschi,mcorradeschies@nifty.com,Male,156.177.197.89
534,Klement,Rosenbaum,krosenbaumet@taobao.com,Male,71.131.63.235
535,Sherrie,Cullivan,scullivaneu@wordpress.com,Female,83.18.57.254
536,Kerwinn,Chazelle,kchazelleev@wufoo.com,Male,117.127.6.193
537,Galvan,Brydon,gbrydonew@devhub.com,Male,211.214.213.229
538,Jesse,Clemmensen,jclemmensenex@nih.gov,Male,65.18.108.204
539,Anestassia,Sobtka,asobtkaey@walmart.com,Female,15.79.226.188
540,Cahra,Colson,ccolsonez@gmpg.org,Female,203.181.124.107
541,Arlen,Dunthorne,adunthornef0@miitbeian.gov.cn,Female,212.80.68.189
542,Had,Westrope,hwestropef1@goo.gl,Male,24.163.70.207
543,Amelina,Hicken,ahickenf2@goodreads.com,Genderqueer,227.229.56.229
544,Millard,Robard,mrobardf3@ibm.com,Agender,185.231.230.93
545,Kacie,Garza,kgarzaf4@1und1.de,Female,151.150.200.189
546,Joel,Gemson,jgemsonf5@nih.gov,Male,126.135.136.111
547,Beverie,Axtell,baxtellf6@marketwatch.com,Agender,11.186.15.112
548,Kelley,Spurr,kspurrf7@europa.eu,Male,179.192.95.140
549,Dahlia,Kingswold,dkingswoldf8@twitpic.com,Female,191.119.102.30
550,Quintin,Clarkin,qclarkinf9@guardian.co.uk,Male,99.66.46.106
551,Daile,Bristoe,dbristoefa@google.com.au,Female,53.91.247.247
552,Darlleen,Stevings,dstevingsfb@google.nl,Female,98.56.83.38
553,Marne,Martusewicz,mmartusewiczfc@topsy.com,Female,72.154.127.34
554,Mitchell,Skipperbottom,mskipperbottomfd@icio.us,Male,228.134.49.200
555,Teressa,Porteous,tporteousfe@seesaa.net,Female,69.93.65.174
556,Mia,Mayes,mmayesff@yale.edu,Female,39.137.66.14
557,Steward,Abramcik,sabramcikfg@geocities.jp,Male,150.228.248.124
558,Geoff,Dovermann,gdovermannfh@gov.uk,Male,79.106.85.31
559,Kaycee,Martlew,kmartlewfi@java.com,Female,88.109.49.151
560,Emilia,Gaywood,egaywoodfj@accuweather.com,Genderqueer,190.24.144.247
561,Isabelita,Kidson,ikidsonfk@comsenz.com,Female,132.170.95.110
562,Wake,McPhilemy,wmcphilemyfl@china.com.cn,Bigender,125.179.110.96
563,Windham,Dutnell,wdutnellfm@bing.com,Male,180.174.29.67
564,Guillaume,Roulston,groulstonfn@godaddy.com,Agender,114.179.197.156
565,Sam,Syphus,ssyphusfo@mit.edu,Male,72.62.69.118
566,Fulton,Prosh,fproshfp@360.cn,Male,137.249.181.179
567,Twila,Klais,tklaisfq@marketwatch.com,Female,218.53.17.86
568,Elvin,Formoy,eformoyfr@rediff.com,Male,241.255.41.15
569,Justis,Brockington,jbrockingtonfs@parallels.com,Male,139.50.67.255
570,Valencia,Tuxill,vtuxillft@omniture.com,Female,81.216.39.115
571,Leoline,MacPaik,lmacpaikfu@constantcontact.com,Female,158.46.187.124
572,Janeczka,Durnell,jdurnellfv@seesaa.net,Female,116.101.67.150
573,Rickert,Chapling,rchaplingfw@netvibes.com,Male,143.129.236.28
574,Lydie,Wemes,lwemesfx@seesaa.net,Female,110.117.223.11
575,Julio,Ibeson,jibesonfy@yellowpages.com,Male,181.194.82.109
576,Aurore,Brazelton,abrazeltonfz@nymag.com,Female,79.4.54.138
577,Ozzie,Mucci,omuccig0@deviantart.com,Male,125.220.106.47
578,Bobinette,Abbots,babbotsg1@cnbc.com,Female,47.207.29.41
579,Nancee,Greenig,ngreenigg2@alibaba.com,Female,74.34.148.242
580,Lilllie,Glassborow,lglassborowg3@google.ru,Female,178.249.229.216
581,Rodrique,Layman,rlaymang4@mtv.com,Male,48.55.87.49
582,Blayne,Staton,bstatong5@harvard.edu,Male,50.230.7.234
583,Donall,Rochford,drochfordg6@51.la,Male,236.41.200.120
584,Raimundo,Pisco,rpiscog7@ocn.ne.jp,Male,140.102.243.12
585,Kelby,Wofenden,kwofendeng8@bravesites.com,Male,48.167.161.176
586,Stillman,Siberry,ssiberryg9@google.cn,Male,177.218.77.70
587,Allene,Dickey,adickeyga@addtoany.com,Female,73.183.148.187
588,Ginni,Drivers,gdriversgb@mac.com,Female,132.14.11.153
589,Phillie,Edwardson,pedwardsongc@so-net.ne.jp,Female,1.60.236.145
590,Phaidra,Clare,pclaregd@last.fm,Female,142.83.132.247
591,Carline,Murname,cmurnamege@google.com.au,Female,56.124.174.118
592,Elsworth,Joseff,ejoseffgf@google.com,Male,47.185.248.90
593,Ainslee,Cainey,acaineygg@unesco.org,Female,137.159.102.124
594,Malcolm,Reck,mreckgh@vkontakte.ru,Male,23.13.54.43
595,Fawne,Mohan,fmohangi@loc.gov,Female,61.113.154.230
596,Kiersten,Steanyng,ksteanynggj@taobao.com,Female,17.189.43.231
597,Adela,Scarisbrick,ascarisbrickgk@macromedia.com,Female,46.122.24.177
598,Sharity,Fonzone,sfonzonegl@surveymonkey.com,Female,170.26.51.203
599,Jehu,Vasenin,jvaseningm@businesswire.com,Male,216.252.152.40
600,Liza,McCrossan,lmccrossangn@disqus.com,Female,133.142.51.204
601,Sibbie,Mullinger,smullingergo@squidoo.com,Female,247.118.56.67
602,Manfred,Instock,minstockgp@yellowbook.com,Male,113.77.239.156
603,Salim,Strase,sstrasegq@chronoengine.com,Male,102.117.214.177
604,Conn,Franchi,cfranchigr@webeden.co.uk,Male,154.18.8.225
605,Maryrose,Dmitrienko,mdmitrienkogs@discuz.net,Genderfluid,39.4.183.209
606,Sholom,Dunican,sdunicangt@123-reg.co.uk,Male,157.228.198.81
607,Holli,Winslade,hwinsladegu@360.cn,Female,175.123.137.50
608,Ferdinande,Deetlof,fdeetlofgv@si.edu,Genderqueer,188.203.119.94
609,Barbee,De Micoli,bdemicoligw@etsy.com,Female,116.86.195.243
610,Carly,Scollan,cscollangx@squarespace.com,Male,114.196.204.147
611,Sayre,Fowlestone,sfowlestonegy@devhub.com,Male,186.232.177.158
612,Reggie,Dungee,rdungeegz@aboutads.info,Genderqueer,32.88.198.215
613,Lilllie,McLice,lmcliceh0@marriott.com,Female,95.205.182.165
614,Christen,Hackinge,chackingeh1@yellowbook.com,Female,59.125.93.118
615,Kipp,Sommerscales,ksommerscalesh2@feedburner.com,Agender,84.5.96.62
616,Ash,Westraw,awestrawh3@dell.com,Male,222.227.141.190
617,Cosetta,Chevin,cchevinh4@netlog.com,Female,106.96.137.37
618,Mellisa,Branscomb,mbranscombh5@goodreads.com,Female,225.140.248.113
619,Karita,Pennino,kpenninoh6@elpais.com,Female,6.162.3.250
620,Tedman,Jodrellec,tjodrellech7@google.ru,Male,228.201.80.207
621,Cahra,Rickcord,crickcordh8@reverbnation.com,Female,230.109.235.217
622,Lyle,Mushrow,lmushrowh9@gov.uk,Male,224.129.150.223
623,Stormie,Waggatt,swaggattha@gravatar.com,Female,39.97.56.71
624,Clemmy,Beers,cbeershb@goo.ne.jp,Male,222.215.17.122
625,Gordie,Charle,gcharlehc@house.gov,Agender,40.157.3.64
626,Dwain,Routledge,droutledgehd@tamu.edu,Male,180.130.248.3
627,Marney,Jerzak,mjerzakhe@freewebs.com,Female,102.66.111.244
628,Darrel,Matthesius,dmatthesiushf@trellian.com,Male,57.189.22.131
629,Doralia,Unworth,dunworthhg@reddit.com,Female,63.215.84.178
630,Coral,Clemoes,cclemoeshh@forbes.com,Female,136.134.183.9
631,Ciro,Seamarke,cseamarkehi@alibaba.com,Male,40.90.112.106
632,Spence,Gregson,sgregsonhj@addtoany.com,Male,156.226.76.171
633,Gustavus,Reboulet,greboulethk@wikipedia.org,Non-binary,125.174.45.180
634,Bruno,Pharo,bpharohl@hatena.ne.jp,Male,142.135.241.122
635,Brigham,Filasov,bfilasovhm@wix.com,Male,208.107.246.145
636,Corby,Pears,cpearshn@people.com.cn,Male,38.111.34.249
637,Steffane,Cicchelli,scicchelliho@topsy.com,Female,102.160.142.135
638,Reinhard,Spondley,rspondleyhp@oakley.com,Male,18.173.102.90
639,Dorris,Gotts,dgottshq@economist.com,Female,237.91.132.161
640,Cam,Durtnel,cdurtnelhr@spotify.com,Female,73.191.18.102
641,Dewain,Ferenczy,dferenczyhs@instagram.com,Male,127.55.217.90
642,Fonz,Dosdill,fdosdillht@freewebs.com,Male,8.54.124.36
643,Heinrick,Bluett,hbluetthu@sohu.com,Male,61.18.106.117
644,Bennett,Moffatt,bmoffatthv@skype.com,Male,88.107.83.47
645,Hoyt,Daulton,hdaultonhw@house.gov,Male,167.108.209.11
646,Nonnah,Gierke,ngierkehx@networksolutions.com,Female,146.40.125.221
647,Donelle,Ogus,dogushy@vkontakte.ru,Female,77.104.162.232
648,Montague,Prothero,mprotherohz@epa.gov,Bigender,101.239.85.15
649,Morey,Hailes,mhailesi0@webmd.com,Male,90.168.183.47
650,Veda,Noble,vnoblei1@si.edu,Female,60.92.194.33
651,Amery,Petrashkov,apetrashkovi2@smugmug.com,Genderfluid,171.189.7.149
652,Gwenora,Isacsson,gisacssoni3@mozilla.com,Female,118.93.129.61
653,Cherrita,Rowswell,crowswelli4@godaddy.com,Female,216.68.214.150
654,Ericka,Masterton,emastertoni5@nps.gov,Female,136.22.191.47
655,Francisca,Reede,freedei6@telegraph.co.uk,Female,178.178.94.239
656,Briant,Joel,bjoeli7@tinypic.com,Male,83.158.183.36
657,Lexy,Bitcheno,lbitchenoi8@ifeng.com,Female,153.202.249.85
658,Marten,Instock,minstocki9@slideshare.net,Male,110.146.232.166
659,Cosetta,Garrat,cgarratia@privacy.gov.au,Female,23.181.21.83
660,Corrinne,Balmadier,cbalmadierib@cyberchimps.com,Female,227.200.89.212
661,Sophia,Balke,sbalkeic@paginegialle.it,Female,213.43.101.158
662,Silvain,Beardon,sbeardonid@desdev.cn,Male,246.250.179.119
663,Mady,de Banke,mdebankeie@webeden.co.uk,Female,188.58.213.21
664,Blondell,Fourcade,bfourcadeif@trellian.com,Female,183.44.36.16
665,Humphrey,Beaman,hbeamanig@answers.com,Male,54.3.38.190
666,Deonne,Gilbard,dgilbardih@trellian.com,Female,201.150.103.166
667,Ely,Magowan,emagowanii@earthlink.net,Male,99.11.201.112
668,Micheline,Ausiello,mausielloij@diigo.com,Female,31.66.68.34
669,Fedora,McVittie,fmcvittieik@techcrunch.com,Female,239.26.17.104
670,Elissa,Ather,eatheril@samsung.com,Female,29.37.19.104
671,Elvyn,Juden,ejudenim@digg.com,Male,42.44.97.162
672,Suzi,Evered,severedin@blogs.com,Female,44.154.156.122
673,Giuditta,Flageul,gflageulio@google.com.au,Female,149.42.1.209
674,Ciro,Fearneley,cfearneleyip@mozilla.com,Male,66.39.23.128
675,Demetris,Chapellow,dchapellowiq@dot.gov,Male,149.177.1.43
676,Cosme,Robe,crobeir@google.com.hk,Male,98.136.211.108
677,Rogers,Grout,rgroutis@kickstarter.com,Male,193.87.137.59
678,Otto,Biernacki,obiernackiit@sbwire.com,Male,20.151.52.89
679,Powell,Risborough,prisboroughiu@networkadvertising.org,Male,227.195.228.233
680,Lorin,Cubbit,lcubbitiv@soundcloud.com,Male,98.126.205.117
681,Lindsey,Wastie,lwastieiw@tripod.com,Female,193.230.237.121
682,Lynea,Babe,lbabeix@jigsy.com,Female,110.132.124.211
683,Rivy,Pinckstone,rpinckstoneiy@barnesandnoble.com,Female,134.219.252.89
684,Antone,Escoffrey,aescoffreyiz@sitemeter.com,Male,7.84.237.232
685,Maryrose,McBrearty,mmcbreartyj0@boston.com,Female,160.247.251.182
686,Lief,Lyste,llystej1@vk.com,Male,205.75.166.65
687,Devin,Longridge,dlongridgej2@bandcamp.com,Male,47.176.150.70
688,Mortie,Riby,mribyj3@mozilla.com,Male,204.190.99.79
689,Freda,Wife,fwifej4@state.tx.us,Female,13.141.110.20
690,Ira,Windebank,iwindebankj5@php.net,Agender,50.147.142.222
691,Madelaine,Kochs,mkochsj6@freewebs.com,Female,161.24.32.143
692,Pancho,Axelbee,paxelbeej7@nytimes.com,Male,58.181.253.47
693,Alison,Schoular,aschoularj8@sciencedirect.com,Female,252.98.72.75
694,Justin,Conley,jconleyj9@pbs.org,Male,245.217.169.87
695,Maressa,Matias,mmatiasja@rediff.com,Female,225.19.248.22
696,Julius,Sporner,jspornerjb@storify.com,Male,67.247.223.14
697,Dona,Macak,dmacakjc@merriam-webster.com,Female,97.226.138.166
698,Kimball,Ribchester,kribchesterjd@ow.ly,Male,49.5.17.84
699,Morten,Milkins,mmilkinsje@salon.com,Male,185.199.25.69
700,Colly,Westpfel,cwestpfeljf@ovh.net,Female,146.227.64.220
701,Benedicto,Ternent,bternentjg@typepad.com,Male,202.222.43.169
702,Odey,Manthorpe,omanthorpejh@last.fm,Male,145.55.145.62
703,Christye,Aldwich,caldwichji@ustream.tv,Non-binary,20.161.206.15
704,Gianni,Swansborough,gswansboroughjj@buzzfeed.com,Male,83.69.115.151
705,Ernaline,Kluger,eklugerjk@geocities.com,Female,2.59.179.126
706,Judd,Buddleigh,jbuddleighjl@sina.com.cn,Male,127.92.74.236
707,Fergus,Woloschin,fwoloschinjm@opensource.org,Male,74.161.107.6
708,Yorke,Vossing,yvossingjn@illinois.edu,Male,71.191.37.77
709,Ulla,Culley,uculleyjo@nasa.gov,Female,162.8.158.248
710,Silvio,Dobbing,sdobbingjp@parallels.com,Male,80.168.155.140
711,Josefina,Presdee,jpresdeejq@nyu.edu,Female,66.74.50.198
712,Stavros,Glidder,sglidderjr@wired.com,Male,131.227.205.226
713,Rasla,Renachowski,rrenachowskijs@ca.gov,Female,166.41.100.115
714,Lissie,Coplestone,lcoplestonejt@samsung.com,Non-binary,243.66.93.150
715,Cortie,Ewbanke,cewbankeju@ow.ly,Bigender,65.138.66.168
716,Ross,De Anesy,rdeanesyjv@last.fm,Male,159.132.106.235
717,Olympia,Havick,ohavickjw@gizmodo.com,Female,237.108.143.87
718,Isidro,O'Fogarty,iofogartyjx@de.vu,Male,147.49.212.23
719,Ase,Chastan,achastanjy@npr.org,Male,152.106.226.86
720,Liz,Twelvetrees,ltwelvetreesjz@mlb.com,Female,26.63.24.146
721,Tandie,Roblou,troblouk0@theatlantic.com,Female,118.93.33.193
722,Edin,MacColgan,emaccolgank1@jugem.jp,Female,69.152.43.71
723,Heywood,Bondley,hbondleyk2@ibm.com,Male,184.111.38.17
724,Papagena,Baudesson,pbaudessonk3@paginegialle.it,Polygender,205.61.40.244
725,Nigel,Blaxlande,nblaxlandek4@ox.ac.uk,Male,179.246.41.184
726,Patience,Bohler,pbohlerk5@army.mil,Bigender,100.234.200.126
727,Monti,Marcinkowski,mmarcinkowskik6@columbia.edu,Male,244.164.181.6
728,Edgar,Decroix,edecroixk7@weather.com,Male,115.109.160.20
729,Gwenni,Sabater,gsabaterk8@github.io,Genderqueer,0.24.210.153
730,Heidi,Brunskill,hbrunskillk9@linkedin.com,Female,4.122.70.237
731,Chrotoem,Rate,crateka@meetup.com,Male,174.216.196.65
732,Cynthia,Sibbet,csibbetkb@unblog.fr,Female,81.3.208.21
733,Eal,Froome,efroomekc@meetup.com,Male,162.166.239.111
734,Teodor,Houson,thousonkd@lulu.com,Male,78.252.196.10
735,Niels,Gottschalk,ngottschalkke@skype.com,Male,142.58.4.50
736,Ewart,Osmar,eosmarkf@dailymotion.com,Male,40.81.32.42
737,Rosemary,Ciccotto,rciccottokg@usnews.com,Female,194.249.76.242
738,Gustaf,Gulc,ggulckh@businessinsider.com,Agender,217.29.170.188
739,Daniel,Eunson,deunsonki@bbc.co.uk,Male,135.43.27.70
740,Son,Sadd,ssaddkj@ucoz.com,Male,106.77.139.75
741,Bartel,Cowtherd,bcowtherdkk@bizjournals.com,Male,36.225.89.48
742,Felisha,Birkbeck,fbirkbeckkl@ihg.com,Female,224.93.90.109
743,Albertine,Croose,acroosekm@mozilla.org,Female,30.196.92.197
744,Lon,O'Neill,loneillkn@altervista.org,Male,123.175.92.133
745,Karrah,Waberer,kwabererko@homestead.com,Female,252.83.203.100
746,Leon,Lesly,lleslykp@webeden.co.uk,Genderfluid,26.28.78.227
747,Theressa,Sarjant,tsarjantkq@exblog.jp,Female,176.247.232.29
748,Maribel,De Giorgis,mdegiorgiskr@telegraph.co.uk,Female,245.180.183.122
749,Waring,Doge,wdogeks@rediff.com,Male,172.65.207.21
750,Sarette,Alfonsetto,salfonsettokt@stumbleupon.com,Agender,164.165.204.177
751,Stuart,Waiton,swaitonku@digg.com,Male,82.57.195.222
752,Susan,Castiello,scastiellokv@angelfire.com,Female,139.218.233.68
753,Kimble,Minmagh,kminmaghkw@narod.ru,Male,95.241.210.51
754,Inez,Rays,irayskx@sun.com,Female,198.39.106.225
755,Jammal,Maggs,jmaggsky@ftc.gov,Male,61.151.117.210
756,Nell,Btham,nbthamkz@desdev.cn,Female,56.78.213.159
757,Hobard,Edlyne,hedlynel0@dmoz.org,Male,168.226.149.80
758,Valera,Sinnett,vsinnettl1@discovery.com,Female,111.13.146.222
759,Andria,Saywood,asaywoodl2@imdb.com,Female,218.43.122.165
760,Ignazio,Taree,itareel3@omniture.com,Male,83.110.79.160
761,Agathe,Antyukhin,aantyukhinl4@blogtalkradio.com,Female,157.180.206.24
762,Danila,Gresswood,dgresswoodl5@umich.edu,Female,95.192.168.97
763,Lindon,Mahady,lmahadyl6@odnoklassniki.ru,Male,239.205.159.161
764,Elmore,Parham,eparhaml7@uol.com.br,Male,175.144.195.242
765,Hedwig,Dibling,hdiblingl8@ask.com,Female,137.147.240.166
766,Logan,MacKean,lmackeanl9@bandcamp.com,Male,240.129.2.46
767,Camille,Chetwynd,cchetwyndla@msn.com,Female,181.161.164.145
768,Nikolaus,Rouke,nroukelb@photobucket.com,Male,157.209.209.156
769,Hayyim,Joesbury,hjoesburylc@alexa.com,Male,10.77.157.135
770,Gearalt,Gonneau,ggonneauld@skype.com,Genderqueer,161.50.111.11
771,Nataniel,Southwell,nsouthwellle@forbes.com,Male,157.145.44.33
772,Romy,Norquoy,rnorquoylf@tmall.com,Female,105.179.145.159
773,Christoforo,Portlock,cportlocklg@omniture.com,Male,68.50.218.18
774,Clemente,Cortez,ccortezlh@simplemachines.org,Male,105.231.192.217
775,Ynez,Fryd,yfrydli@wikispaces.com,Female,86.95.213.46
776,Rodolfo,Keys,rkeyslj@elpais.com,Male,195.69.180.61
777,Lydie,Cambling,lcamblinglk@forbes.com,Female,118.110.136.153
778,Putnam,Prestwich,pprestwichll@amazonaws.com,Male,231.47.140.231
779,Stuart,Kennler,skennlerlm@cam.ac.uk,Male,184.179.221.78
780,Randall,Tebbet,rtebbetln@1688.com,Male,106.216.230.162
781,Adeline,Stanning,astanninglo@webnode.com,Female,189.241.36.47
782,Pancho,Pencott,ppencottlp@forbes.com,Male,225.54.112.16
783,Jessee,Treadger,jtreadgerlq@t-online.de,Male,83.202.194.179
784,Bradney,Battany,bbattanylr@who.int,Male,234.20.76.80
785,Daven,Gibby,dgibbyls@acquirethisname.com,Male,56.204.37.55
786,Lavena,Clayden,lclaydenlt@nba.com,Female,117.79.136.255
787,Boris,Simononsky,bsimononskylu@walmart.com,Non-binary,195.107.205.179
788,Denni,How to preserve,dhowtopreservelv@google.es,Female,37.119.135.222
789,Vince,Joost,vjoostlw@disqus.com,Male,22.139.155.98
790,Brigham,Hasney,bhasneylx@epa.gov,Male,165.162.125.200
791,Nadine,Deakins,ndeakinsly@delicious.com,Female,243.91.212.126
792,Maryanna,Carthew,mcarthewlz@cnbc.com,Female,49.104.183.226
793,Vita,Pheasant,vpheasantm0@xinhuanet.com,Female,115.208.167.237
794,Launce,Jellicorse,ljellicorsem1@un.org,Male,74.252.243.228
795,Barris,Weins,bweinsm2@gnu.org,Male,183.198.16.87
796,Carola,Bonson,cbonsonm3@symantec.com,Female,115.199.93.135
797,Donn,Mendenhall,dmendenhallm4@wikimedia.org,Male,94.219.123.222
798,Sandie,Thackwray,sthackwraym5@stumbleupon.com,Female,88.105.111.152
799,Shaun,Vernazza,svernazzam6@prnewswire.com,Male,209.134.95.252
800,Ferdie,Capstake,fcapstakem7@oracle.com,Genderqueer,238.95.25.243
801,Dolley,Shewan,dshewanm8@latimes.com,Female,101.85.80.73
802,Maurizio,Wiltshier,mwiltshierm9@purevolume.com,Male,76.4.99.134
803,Honoria,Granger,hgrangerma@statcounter.com,Female,202.240.255.165
804,Diego,Trevarthen,dtrevarthenmb@pen.io,Male,221.133.206.216
805,Hasheem,Flieger,hfliegermc@shutterfly.com,Male,217.236.148.212
806,Carlotta,Ferriman,cferrimanmd@flavors.me,Polygender,55.137.2.18
807,Lonnard,Sivil,lsivilme@unblog.fr,Male,254.168.234.0
808,Gabbie,Skelhorn,gskelhornmf@ted.com,Female,85.80.193.158
809,Amory,Pegden,apegdenmg@cpanel.net,Male,180.238.124.113
810,Haskell,Wynrahame,hwynrahamemh@indiegogo.com,Male,93.35.211.117
811,Matty,Tesmond,mtesmondmi@vk.com,Male,10.151.190.21
812,Nellie,Sculley,nsculleymj@telegraph.co.uk,Female,66.43.221.212
813,Estelle,Galer,egalermk@unicef.org,Female,132.145.12.175
814,Inge,Fitzsimon,ifitzsimonml@weather.com,Female,215.170.23.197
815,Gay,Minnette,gminnettemm@digg.com,Female,171.14.30.180
816,Michail,Whymark,mwhymarkmn@youtube.com,Male,94.83.139.14
817,Gallagher,Thiem,gthiemmo@bigcartel.com,Male,4.108.118.91
818,Innis,Packham,ipackhammp@ameblo.jp,Male,192.47.211.220
819,Deedee,Shaves,dshavesmq@utexas.edu,Female,53.223.104.236
820,Elliot,McCulloch,emccullochmr@zimbio.com,Male,40.167.225.209
821,Lester,Fasey,lfaseyms@hp.com,Male,68.76.118.45
822,Adela,Prazer,aprazermt@hud.gov,Polygender,148.166.104.140
823,Gretchen,Burwin,gburwinmu@time.com,Female,237.143.123.51
824,Niki,Riglar,nriglarmv@wikia.com,Male,133.31.230.240
825,Lorilee,Fausch,lfauschmw@globo.com,Female,153.146.167.164
826,Lorin,Sales,lsalesmx@furl.net,Male,11.93.163.166
827,Carolus,Kingh,ckinghmy@ow.ly,Male,9.70.52.161
828,Brocky,Wagner,bwagnermz@wiley.com,Male,107.66.141.178
829,Laney,Helversen,lhelversenn0@list-manage.com,Male,59.84.74.113
830,Ravid,Kynett,rkynettn1@nhs.uk,Male,216.68.243.66
831,Tades,Hunston,thunstonn2@reuters.com,Male,198.81.96.1
832,Iosep,Marchi,imarchin3@meetup.com,Male,225.21.153.14
833,Celestia,Kubalek,ckubalekn4@toplist.cz,Female,53.233.1.137
834,Allison,Rennolds,arennoldsn5@narod.ru,Female,136.235.239.241
835,Konrad,Carabet,kcarabetn6@i2i.jp,Male,104.27.21.68
836,Godfry,Hamlin,ghamlinn7@craigslist.org,Male,112.12.8.140
837,Mehetabel,Arnopp,marnoppn8@dell.com,Female,13.112.159.106
838,Lucas,Ivakhno,livakhnon9@rambler.ru,Male,12.65.100.168
839,Simona,Dove,sdovena@angelfire.com,Genderfluid,104.220.134.5
840,Care,Foulstone,cfoulstonenb@aboutads.info,Male,172.21.204.0
841,Danell,Shapland,dshaplandnc@flavors.me,Female,241.194.254.164
842,Torrin,Lear,tlearnd@netscape.com,Male,86.157.119.119
843,Maighdiln,Selwood,mselwoodne@google.it,Female,167.165.134.169
844,Barbey,Ottery,botterynf@netlog.com,Female,223.151.219.183
845,Wynnie,Krzyzaniak,wkrzyzaniakng@ca.gov,Agender,231.4.181.168
846,Liane,Griffoen,lgriffoennh@joomla.org,Female,28.181.128.63
847,Minna,Wynne,mwynneni@omniture.com,Female,75.152.95.237
848,Garrik,Cassy,gcassynj@marriott.com,Male,31.180.165.63
849,Tod,Jefferson,tjeffersonnk@about.com,Male,244.5.89.173
850,Granthem,Lenaghen,glenaghennl@shutterfly.com,Male,196.136.12.194
851,Rebeca,Pencot,rpencotnm@yahoo.co.jp,Female,72.71.165.97
852,Brok,Wollacott,bwollacottnn@ask.com,Male,255.188.20.69
853,Buckie,Samuel,bsamuelno@ustream.tv,Male,73.76.253.145
854,Andrej,Brasse,abrassenp@trellian.com,Male,77.102.205.202
855,Harriette,Semiraz,hsemiraznq@bing.com,Female,222.21.149.207
856,Massimo,Guslon,mguslonnr@usda.gov,Male,80.61.184.3
857,Wallas,Davidovich,wdavidovichns@nasa.gov,Genderfluid,23.83.158.233
858,Elisabetta,Driffill,edriffillnt@exblog.jp,Female,68.196.87.49
859,Alvie,Witnall,awitnallnu@microsoft.com,Male,156.212.55.68
860,Jabez,Dilliston,jdillistonnv@geocities.jp,Male,169.30.91.125
861,Wilfrid,Pavelin,wpavelinnw@bing.com,Male,62.174.152.201
862,Durand,Ducker,dduckernx@utexas.edu,Bigender,212.204.151.198
863,Hercule,Hattoe,hhattoeny@webs.com,Male,17.17.49.65
864,Patsy,Kesteven,pkestevennz@opensource.org,Male,105.241.63.50
865,Carlie,Trubshaw,ctrubshawo0@miibeian.gov.cn,Bigender,167.83.152.151
866,Jacquelyn,Eddowes,jeddoweso1@kickstarter.com,Female,34.193.59.58
867,Alfred,Malloch,amallocho2@earthlink.net,Male,48.33.128.98
868,Emelyne,Dominichetti,edominichettio3@usgs.gov,Female,100.165.230.63
869,Chelsea,Bestwall,cbestwallo4@sourceforge.net,Female,9.77.33.85
870,Magda,Jachimczak,mjachimczako5@buzzfeed.com,Female,231.142.248.122
871,Chadwick,Lillicrap,clillicrapo6@usda.gov,Male,208.136.54.12
872,Lynnea,Keith,lkeitho7@umich.edu,Female,197.247.73.232
873,Di,Barz,dbarzo8@wsj.com,Female,126.44.234.249
874,Mareah,Baser,mbasero9@list-manage.com,Female,49.216.121.52
875,Tatiana,Hills,thillsoa@ovh.net,Female,217.59.88.126
876,Annemarie,Gregersen,agregersenob@cmu.edu,Female,72.33.74.254
877,Rawley,Guitt,rguittoc@hugedomains.com,Male,91.111.19.76
878,Parrnell,Gullefant,pgullefantod@wikimedia.org,Male,167.30.4.64
879,Cheri,Ply,cplyoe@behance.net,Female,201.91.225.49
880,Bernadene,Dabbes,bdabbesof@drupal.org,Female,102.165.156.246
881,Beatriz,Durran,bdurranog@bloglines.com,Female,183.229.102.196
882,Cynthy,Abels,cabelsoh@cnbc.com,Female,12.148.235.145
883,Laurice,Grivori,lgrivorioi@canalblog.com,Female,145.114.109.202
884,Price,Gwillyam,pgwillyamoj@youtube.com,Male,14.33.203.120
885,Kleon,Gregs,kgregsok@sitemeter.com,Male,167.225.199.28
886,Timmi,Gisburn,tgisburnol@nature.com,Female,241.116.200.146
887,Vivia,Stable,vstableom@jigsy.com,Female,164.37.171.97
888,Elbert,Jambrozek,ejambrozekon@issuu.com,Male,101.1.176.99
889,Yule,Stickland,ysticklandoo@hostgator.com,Male,86.214.171.222
890,Latisha,Ellesworth,lellesworthop@usda.gov,Female,15.172.242.164
891,Ethelbert,Dachs,edachsoq@ocn.ne.jp,Male,128.200.108.171
892,Teodor,Asson,tassonor@trellian.com,Genderqueer,152.52.172.10
893,Janka,Pendered,jpenderedos@cmu.edu,Agender,110.225.99.251
894,Philbert,Wanka,pwankaot@addthis.com,Male,85.140.9.144
895,Marlee,Titford,mtitfordou@usda.gov,Female,182.15.44.107
896,Patrizius,Perview,pperviewov@pinterest.com,Male,11.165.2.130
897,Jamison,Crowdson,jcrowdsonow@livejournal.com,Male,205.97.200.140
898,Barthel,Toppin,btoppinox@cnbc.com,Male,249.17.44.161
899,Lane,Rickard,lrickardoy@simplemachines.org,Male,89.15.189.221
900,Jonis,Goulstone,jgoulstoneoz@dion.ne.jp,Female,53.78.248.198
901,Bondy,Niezen,bniezenp0@techcrunch.com,Male,161.167.101.42
902,Pooh,Toft,ptoftp1@acquirethisname.com,Female,97.116.156.29
903,Hedi,Rennocks,hrennocksp2@census.gov,Genderqueer,251.63.98.207
904,Edwina,Gaul,egaulp3@stanford.edu,Female,214.126.229.52
905,Athene,Lockney,alockneyp4@sohu.com,Female,134.31.87.108
906,Carly,Wixon,cwixonp5@europa.eu,Genderqueer,17.219.31.25
907,Pierson,Stilgoe,pstilgoep6@reddit.com,Male,87.185.154.103
908,Thor,Mewett,tmewettp7@cyberchimps.com,Male,243.35.113.143
909,Linet,Bartosik,lbartosikp8@omniture.com,Polygender,92.100.201.113
910,Frannie,Clynman,fclynmanp9@cargocollective.com,Female,135.62.2.133
911,Brit,Latta,blattapa@sciencedaily.com,Male,166.164.166.71
912,Shandy,O'Doghesty,sodoghestypb@nationalgeographic.com,Female,117.251.237.207
913,Jorry,Gorbell,jgorbellpc@livejournal.com,Female,123.85.81.143
914,Tiff,Turfitt,tturfittpd@booking.com,Female,96.112.160.120
915,Karola,Dowgill,kdowgillpe@washington.edu,Genderfluid,75.0.214.217
916,Gilly,Nuttall,gnuttallpf@about.me,Female,174.128.95.150
917,Wylma,Stango,wstangopg@seattletimes.com,Non-binary,104.118.127.10
918,Teresina,Grisdale,tgrisdaleph@timesonline.co.uk,Female,136.126.165.176
919,Blondelle,Dennerley,bdennerleypi@tripod.com,Agender,53.152.75.93
920,Pierre,McComiskey,pmccomiskeypj@fc2.com,Male,118.195.27.120
921,Peria,Creaser,pcreaserpk@nymag.com,Female,222.127.201.182
922,Rafaello,Ram,rrampl@usatoday.com,Male,41.235.0.218
923,Ronny,Loughnan,rloughnanpm@fastcompany.com,Male,222.81.211.254
924,Carr,Studde,cstuddepn@sciencedirect.com,Male,133.31.225.32
925,Rosabella,Hixson,rhixsonpo@apple.com,Female,122.215.75.148
926,Ealasaid,Housby,ehousbypp@nyu.edu,Female,221.228.210.199
927,Lorianne,Swanwick,lswanwickpq@prlog.org,Female,224.154.178.190
928,Jobyna,Wooder,jwooderpr@ucoz.ru,Genderqueer,211.169.81.125
929,Winthrop,O'Hederscoll,wohederscollps@amazonaws.com,Male,145.226.231.183
930,Isabelita,Curnow,icurnowpt@google.co.uk,Non-binary,165.118.248.66
931,Alisha,Cogley,acogleypu@cnbc.com,Female,192.179.217.70
932,Lexine,Plaide,lplaidepv@google.nl,Female,165.46.96.61
933,Waiter,Sinkins,wsinkinspw@printfriendly.com,Male,126.51.145.91
934,Chere,Deluze,cdeluzepx@bloglovin.com,Female,82.199.115.113
935,Zachery,Trathan,ztrathanpy@163.com,Male,179.159.29.183
936,Forrester,Grelak,fgrelakpz@jimdo.com,Male,198.226.79.192
937,Yuma,Wickes,ywickesq0@marketwatch.com,Male,223.228.228.76
938,Osbourne,Pyrton,opyrtonq1@friendfeed.com,Male,91.115.100.144
939,Seymour,Gurrado,sgurradoq2@hatena.ne.jp,Male,237.9.16.87
940,Latia,Matterson,lmattersonq3@macromedia.com,Female,117.219.108.144
941,Mayne,Heathcoat,mheathcoatq4@facebook.com,Male,243.26.167.95
942,West,Hussell,whussellq5@usa.gov,Male,70.189.5.27
943,Carol-jean,Titterell,ctitterellq6@clickbank.net,Female,198.20.204.208
944,Stacey,Mugglestone,smugglestoneq7@constantcontact.com,Female,54.197.121.97
945,Erin,Kissock,ekissockq8@hp.com,Female,33.57.28.214
946,Austen,Wittier,awittierq9@umn.edu,Male,180.158.208.17
947,Gabriele,McPartling,gmcpartlingqa@accuweather.com,Male,85.180.207.73
948,Hi,Gobolos,hgobolosqb@state.gov,Male,44.28.72.88
949,Shelton,Tomicki,stomickiqc@webmd.com,Male,217.199.47.40
950,Gayle,Mapother,gmapotherqd@dedecms.com,Male,183.97.128.118
951,Madeline,Phinnis,mphinnisqe@issuu.com,Polygender,255.126.149.49
952,Ax,Passo,apassoqf@tiny.cc,Male,29.173.145.105
953,Jarret,Tillard,jtillardqg@rakuten.co.jp,Male,219.120.32.140
954,Vic,California,vcaliforniaqh@businesswire.com,Male,243.141.152.89
955,Beckie,Raywood,braywoodqi@opensource.org,Female,228.9.126.235
956,Ricky,Redholes,rredholesqj@altervista.org,Female,0.20.35.124
957,Arden,McGray,amcgrayqk@seattletimes.com,Female,68.151.193.46
958,Caldwell,Joppich,cjoppichql@delicious.com,Male,30.40.255.247
959,Fields,Sayburn,fsayburnqm@mozilla.com,Male,125.242.99.186
960,Miof mela,Channer,mchannerqn@1688.com,Female,158.248.179.165
961,Alphard,McLanachan,amclanachanqo@weebly.com,Male,130.190.148.210
962,Giffer,Kew,gkewqp@ibm.com,Male,53.183.228.226
963,Lanny,Runcie,lruncieqq@friendfeed.com,Female,40.164.89.237
964,Madeleine,Hasted,mhastedqr@usgs.gov,Female,14.222.123.201
965,Casey,Garrad,cgarradqs@fastcompany.com,Female,182.83.71.131
966,Irwinn,Anger,iangerqt@desdev.cn,Male,24.41.186.151
967,Perri,Dennick,pdennickqu@ebay.co.uk,Female,23.116.75.231
968,Dominik,Warner,dwarnerqv@discuz.net,Male,34.186.5.200
969,Arliene,Rorke,arorkeqw@icq.com,Female,161.243.115.181
970,Roberto,Ricciardelli,rricciardelliqx@businessinsider.com,Male,18.236.182.7
971,Michale,Dericot,mdericotqy@craigslist.org,Male,138.28.239.189
972,Ric,Kinnerk,rkinnerkqz@networkadvertising.org,Male,126.221.131.251
973,Byrle,Addicott,baddicottr0@discovery.com,Male,120.137.193.166
974,Vivia,Vannuccinii,vvannucciniir1@tinypic.com,Female,216.79.134.131
975,Even,Attenbrough,eattenbroughr2@bandcamp.com,Male,232.101.177.12
976,Karlotte,Ockleshaw,kockleshawr3@usnews.com,Female,207.201.21.223
977,Chilton,Malarkey,cmalarkeyr4@usnews.com,Male,43.96.44.34
978,Rutger,Whelband,rwhelbandr5@homestead.com,Male,217.74.3.89
979,Lia,Batthew,lbatthewr6@blogs.com,Female,106.181.245.43
980,Lorrie,Overnell,lovernellr7@youtube.com,Male,163.59.211.51
981,Davey,Reede,dreeder8@google.cn,Male,34.186.164.180
982,Trevar,Hesey,theseyr9@hp.com,Male,128.48.101.28
983,Ashlen,Ebbitt,aebbittra@zimbio.com,Female,253.213.27.5
984,Aurea,Bettenson,abettensonrb@yellowbook.com,Female,191.37.186.189
985,Umberto,Mapam,umapamrc@gnu.org,Male,11.207.85.99
986,Merle,Sampey,msampeyrd@dagondesign.com,Male,68.156.121.24
987,Marmaduke,Blades,mbladesre@baidu.com,Agender,136.218.45.178
988,Jacquenette,Langtry,jlangtryrf@clickbank.net,Female,106.43.180.37
989,Haywood,Perillio,hperilliorg@vistaprint.com,Male,190.40.62.175
990,Valencia,Knapton,vknaptonrh@unc.edu,Female,117.65.234.61
991,Marchall,Holbarrow,mholbarrowri@dailymail.co.uk,Male,144.89.205.210
992,Eve,Pucknell,epucknellrj@va.gov,Female,50.104.137.238
993,Pieter,Bussel,pbusselrk@typepad.com,Male,137.190.226.86
994,Corliss,Osipenko,cosipenkorl@mashable.com,Female,248.26.34.33
995,Magdaia,Bather,mbatherrm@chronoengine.com,Female,86.42.108.147
996,Tildi,Thumann,tthumannrn@spiegel.de,Female,183.208.158.134
997,Colette,Richings,crichingsro@ted.com,Female,195.90.169.73
998,Phylys,Chesshire,pchesshirerp@msn.com,Female,9.253.53.117
999,Beltran,Fermin,bferminrq@instagram.com,Male,78.88.8.47
1000,Pepito,Andreasen,pandreasenrr@de.vu,Male,128.56.151.57
